
INSERT INTO `brand_card` VALUES 
(1,'VISA'),
(2,'MASTER CARD'),
(3,'ELO'),
(4,'AMEX');

INSERT INTO `payment_method` VALUES 
(1,'Cartão de Crédito','ONLINE','CREDIT_CARD'),
(2,'Maquininha Crédito','OFFLINE','POS'),
(3,'Maquininha Débito','OFFLINE','POS'),
(4,'Dinheiro','OFFLINE','CASH'),
(5,'Visa Checkout','ONLINE','DIGITAL_WALLET');

INSERT INTO `payment_methods_brand_cards` VALUES 
(1,1),
(1,2),
(1,3),
(1,4),
(2,1),
(2,2),
(2,3),
(2,4),
(3,1),
(3,2),
(3,3),
(3,4),
(5,1);

INSERT INTO `user` VALUES 
(1,'12345678909','testes@testes.com.br','Andre testes','011982700818','NEW'),
(2,'12345678900','testes1@testes.com.br','Andre testes2','011982700819','RELIABLE'),
(3,'nten','testes2@testes.com.br','Andre testes3','011982700811','FRAUDSTER');


INSERT INTO restaurant VALUES
(1, '12345678901', 'Andre Teste 1', '01145678909'),
(2, '12345678902', 'Andre Teste 2', '01145678909'),
(3, '12345678903', 'Andre Teste 3', '01145678909'),
(4, '12345678904', 'Andre Teste 4', '01145678909'),
(5, '12345678905', 'Andre Teste 5', '01145678909'),
(6, '12345678906', 'Andre Teste 6', '01145678909'),
(7, '12345678907', 'Andre Teste 7', '01145678909'),
(8, '12345678908', 'Andre Teste 8', '01145678909'),
(9, '12345678909', 'Andre Teste 9', '01145678909'),
(10, '12345678910', 'Andre Teste 10', '01145678909'),
(11, '12345678911', 'Andre Teste 11', '01145678909'),
(12, '12345678912', 'Andre Teste 12', '01145678909'),
(13, '12345678913', 'Andre Teste 13', '01145678909'),
(14, '12345678914', 'Andre Teste 14', '01145678909'),
(15, '12345678915', 'Andre Teste 15', '01145678909'),
(16, '12345678916', 'Andre Teste 16', '01145678909'),
(17, '12345678917', 'Andre Teste 17', '01145678909'),
(18, '12345678918', 'Andre Teste 18', '01145678909'),
(19, '12345678919', 'Andre Teste 19', '01145678909'),
(20, '12345678920', 'Andre Teste 20', '01145678909'),
(21, '12345678921', 'Andre Teste 21', '01145678909'),
(22, '12345678922', 'Andre Teste 22', '01145678909'),
(23, '12345678923', 'Andre Teste 23', '01145678909'),
(24, '12345678924', 'Andre Teste 24', '01145678909'),
(25, '12345678925', 'Andre Teste 25', '01145678909'),
(26, '12345678926', 'Andre Teste 26', '01145678909'),
(27, '12345678927', 'Andre Teste 27', '01145678909'),
(28, '12345678928', 'Andre Teste 28', '01145678909'),
(29, '12345678929', 'Andre Teste 29', '01145678909'),
(30, '12345678930', 'Andre Teste 30', '01145678909'),
(31, '12345678931', 'Andre Teste 31', '01145678909'),
(32, '12345678932', 'Andre Teste 32', '01145678909'),
(33, '12345678933', 'Andre Teste 33', '01145678909'),
(34, '12345678934', 'Andre Teste 34', '01145678909'),
(35, '12345678935', 'Andre Teste 35', '01145678909'),
(36, '12345678936', 'Andre Teste 36', '01145678909'),
(37, '12345678937', 'Andre Teste 37', '01145678909'),
(38, '12345678938', 'Andre Teste 38', '01145678909'),
(39, '12345678939', 'Andre Teste 39', '01145678909'),
(40, '12345678940', 'Andre Teste 40', '01145678909'),
(41, '12345678941', 'Andre Teste 41', '01145678909'),
(42, '12345678942', 'Andre Teste 42', '01145678909'),
(43, '12345678943', 'Andre Teste 43', '01145678909'),
(44, '12345678944', 'Andre Teste 44', '01145678909'),
(45, '12345678945', 'Andre Teste 45', '01145678909'),
(46, '12345678946', 'Andre Teste 46', '01145678909'),
(47, '12345678947', 'Andre Teste 47', '01145678909'),
(48, '12345678948', 'Andre Teste 48', '01145678909'),
(49, '12345678949', 'Andre Teste 49', '01145678909'),
(50, '12345678950', 'Andre Teste 50', '01145678909');

INSERT INTO restaurant_payment_method VALUES
(1, 1),
(1, 2),
(1, 3),
(1, 4),
(1, 5),
(2, 1),
(2, 2),
(2, 3),
(2, 4),
(2, 5),
(3, 1),
(3, 2),
(3, 3),
(3, 4),
(3, 5),
(4, 1),
(4, 2),
(4, 3),
(4, 4),
(4, 5),
(5, 1),
(5, 2),
(5, 3),
(5, 4),
(5, 5),
(6, 1),
(6, 2),
(6, 3),
(6, 4),
(6, 5),
(7, 1),
(7, 2),
(7, 3),
(7, 4),
(7, 5),
(8, 1),
(8, 2),
(8, 3),
(8, 4),
(8, 5),
(9, 1),
(9, 2),
(9, 3),
(9, 4),
(9, 5),
(10, 1),
(10, 2),
(10, 3),
(10, 4),
(10, 5),
(11, 1),
(11, 2),
(11, 3),
(11, 4),
(11, 5),
(12, 1),
(12, 2),
(12, 3),
(12, 4),
(12, 5),
(13, 1),
(13, 2),
(13, 3),
(13, 4),
(13, 5),
(14, 1),
(14, 2),
(14, 3),
(14, 4),
(14, 5),
(15, 1),
(15, 2),
(15, 3),
(15, 4),
(15, 5),
(16, 1),
(16, 2),
(16, 3),
(16, 4),
(16, 5),
(17, 1),
(17, 2),
(17, 3),
(17, 4),
(17, 5),
(18, 1),
(18, 2),
(18, 3),
(18, 4),
(18, 5),
(19, 1),
(19, 2),
(19, 3),
(19, 4),
(19, 5),
(20, 1),
(20, 2),
(20, 3),
(20, 4),
(20, 5),
(21, 1),
(21, 2),
(21, 3),
(21, 4),
(21, 5),
(22, 1),
(22, 2),
(22, 3),
(22, 4),
(22, 5),
(23, 1),
(23, 2),
(23, 3),
(23, 4),
(23, 5),
(24, 1),
(24, 2),
(24, 3),
(24, 4),
(24, 5),
(25, 1),
(25, 2),
(25, 3),
(25, 4),
(25, 5),
(26, 1),
(26, 2),
(26, 3),
(26, 4),
(26, 5);

INSERT INTO `transaction_status` (ID_TRANSACTION_STATUS, DESCRIPTION) VALUES
(1,'IN_ANALYSI'),
(2,'DISAPPROVED'),
(3,'APPROVED');


INSERT INTO `processor` (ID_PROCESSOR, NAME, TYPE, USE_ANTIFRAUD, CAPTOR) VALUES
(1,'REDE', 'CREDIT_CARD', 0, 'MAXIPAGO'),
(2,'CIELO', 'CREDIT_CARD', 0, 'SOFTWARE_EXPRESS'),
(3,'PAG_SEGURO', 'CREDIT_CARD', 1, 'PAG_SEGURO'),
(4,'VISA_CHECKOUT', 'DIGITAL_WALLET', 1, 'VISA_CHECKOUT');


INSERT into `processor_price` (OPERATION_TYPE, PRICE, ID_BRAND_CARD, ID_PROCESSOR) VALUES
('ONLINE', 1.2, 1, 1),
('ONLINE', 1.2, 2, 1),
('ONLINE', 1.2, 3, 1),
('ONLINE', 1.5, 4, 1),
('ONLINE', 2.2, 1, 2),
('ONLINE', 2.2, 2, 2),
('ONLINE', 2.2, 3, 2),
('ONLINE', 2.5, 4, 2),
('ONLINE', 3.2, 1, 3),
('ONLINE', 3.2, 2, 3),
('ONLINE', 3.2, 3, 3),
('ONLINE', 3.5, 4, 3),
('ONLINE', 1.5, 1, 4);